{
    "仙童":"星瞳",
    "相同":"星瞳",
    "星彤":"星瞳",
    "新彤":"星瞳",
    "心头":"星瞳",
    "形同":"星瞳",
    "星筒":"星瞳",
    "星童":"星瞳",
    "心童":"星瞳",
    "心痛":"星瞳",
    "新童":"星瞳",
    "心同":"星瞳",
    "新同":"星瞳",
    "申同":"星瞳",
    "欣彤":"星瞳",
    "新铜":"星瞳",
    "申彤":"星瞳",
    "同宝":"瞳宝",
    "彤彤":"瞳瞳",
    "银子":"寅子",
    "借到你":"届到你",
    "斯迪姆":"Steam",
    "蓝狗":"懒狗",
    "狼狗":"懒狗",
    "阿紫":"阿梓",
    "公主来":"工具人",
    "奶奶咪":"nanami",
    "拿拿米":"nanami",
    "拿拿面":"nanami",
    "他":"她",
    "小新医生":"小星星",
    "云之笔端":"云之彼端",
    "灵芝彼端":"云之彼端",
    "星星的心":"星星的星",
    "双童的童":"双瞳的瞳",
    "机长":"舰长",
    "增长和爱心":"舰长和SC",
    "公主人":"工具人",
    "工作人":"工具人",
    "胡套家子":"胡桃夹子",
    "有代考究":"有待考究",
    "付小光":"付晓光",
    "见长":"舰长",
    "闪耀双重的童":"闪耀双瞳的瞳",
    "小心心":"小星星",
    "口膜":"口蘑"
    
}